id,SalePrice
1461,121615.22083173726
1462,157473.76335371906
1463,189014.71005813318
1464,202144.9597911087
1465,190304.27322712934
1466,171821.97712595257
1467,174506.96424902073
1468,165540.84406555202
1469,183614.41602322555
1470,123775.4922252169
1471,198814.24741699337
1472,95979.23926281203
1473,95777.35843405586
1474,147412.17267684516
1475,114429.2187962807
1476,377801.516533198
1477,248884.0562553626
1478,282391.0631979612
1479,283509.71276298654
1480,488508.92148992786
1481,309686.59979270736
1482,206268.22703628882
1483,183479.0009020142
1484,162046.030797965
1485,184154.32767467323
1486,195561.86444211597
1487,340005.71694937226
1488,226453.588448591
1489,204113.27053245215
1490,234755.54740901166
1491,193231.06627882292
1492,92795.61796091248
1493,179929.49927958706
1494,289608.1407280061
1495,280792.77706004423
1496,243039.6418809532
1497,177916.988394366
1498,164622.73653325252
1499,160713.00746001425
1500,156047.63013878296
1501,174334.64227630402
1502,141453.63740145974
1503,289991.6894878095
1504,241080.2058370424
1505,226683.35986742735
1506,188715.28563179192
1507,244079.69703552691
1508,196082.69849919804
1509,159616.39552810314
1510,146032.25718948105
1511,151739.3097826337
1512,171966.60142283866
1513,147246.37722001923
1514,161346.72066151313
1515,198248.7624525351
1516,153987.19704548994
1517,161070.53175077695
1518,128378.38552008118
1519,216688.49943394872
1520,131081.7056717423
1521,137047.36344489286
1522,172252.03322515122
1523,113325.74164618317
1524,125682.23725298305
1525,122859.61605719276
1526,111042.32268427093
1527,102820.19101446596
1528,136487.9235304407
1529,151582.27044927172
1530,171691.33532565436
1531,106417.84670424741
1532,97462.2201446218
1533,149826.63973828696
1534,127713.82434398432
1535,152963.22323190307
1536,109270.13348454286
1537,60428.57483763629
1538,143809.1350724475
1539,187567.7304808886
1540,95715.80782020772
1541,143222.74769584282
1542,143355.78043329457
1543,204902.96487415588
1544,80313.17318444172
1545,112748.06337088306
1546,131725.08113652
1547,136947.1937902129
1548,140130.6260833687
1549,117915.41680456638
1550,136298.01142785652
1551,109905.16024102282
1552,138513.57137498842
1553,151408.11864977606
1554,114119.89921624407
1555,163641.43943119282
1556,86187.1966806174
1557,111671.6135169744
1558,101045.57141518082
1559,68901.32036574377
1560,132005.6779043747
1561,139795.33195901974
1562,129289.82884750162
1563,122011.17386332578
1564,161838.06000870053
1565,149948.13519709205
1566,227100.96618885637
1567,77506.2093660382
1568,233741.499316304
1569,138089.74538384515
1570,137272.4544315228
1571,119889.54269286904
1572,144359.7625851136
1573,245085.3761456521
1574,119583.85623242217
1575,222833.44108819254
1576,246978.1791353257
1577,191162.28015201946
1578,141980.1270244499
1579,143372.18468805455
1580,192843.78177380952
1581,154359.82081756205
1582,125324.63714688196
1583,309187.1878096076
1584,222402.905827284
1585,139222.2175108767
1586,65493.25938408835
1587,100085.01401559179
1588,154148.43414129663
1589,103487.95932856225
1590,134371.18968381427
1591,93738.17580413703
1592,122142.33762634643
1593,125500.98891649686
1594,135742.7692185307
1595,101634.02070528924
1596,242802.4280553331
1597,194849.2707391755
1598,215107.74701227708
1599,162662.3426347887
1600,156836.79680929933
1601,64585.90242144352
1602,115161.045706575
1603,84188.70271731133
1604,254068.4068277427
1605,236917.85798355442
1606,169836.27030848392
1607,167545.2351292898
1608,216991.4233207472
1609,188710.3106908382
1610,153311.49947953317
1611,140797.3750340308
1612,171900.87465884318
1613,165019.3893441724
1614,123517.95444792534
1615,87779.74030465995
1616,73547.79790705837
1617,90234.38522034138
1618,125399.17362612061
1619,138007.6257364463
1620,147265.6198928867
1621,142262.6002839318
1622,142254.94290449776
1623,261738.5193156156
1624,208415.63430066264
1625,119243.35578881022
1626,166066.29402900732
1627,197205.52251104868
1628,269336.17283941037
1629,177076.15752255166
1630,367214.0032006569
1631,218135.29382969355
1632,232673.16721322737
1633,171911.2552710174
1634,187176.9191093737
1635,178038.83287328487
1636,154624.56831182327
1637,201779.77353360294
1638,180116.2084840749
1639,187123.220653057
1640,254366.2203001652
1641,179333.7721108103
1642,238409.6455861966
1643,213575.49982726277
1644,234860.8127505448
1645,203505.6073158051
1646,159508.52501033826
1647,157054.1724156544
1648,132825.89835898145
1649,143454.63554386655
1650,115109.54314474924
1651,123122.2107000669
1652,97446.93008591297
1653,100400.9110349413
1654,144141.4815671514
1655,140361.70003166693
1656,141888.1923380936
1657,146571.6201418785
1658,143042.46678295164
1659,119147.5487268799
1660,151639.5607959281
1661,442546.68092299637
1662,378775.32986306935
1663,386634.92622539256
1664,479085.18816772866
1665,310880.1883561823
1666,316635.72805229604
1667,394405.7585798859
1668,350860.26601595845
1669,293504.3900263584
1670,351411.3751154255
1671,262466.20765099966
1672,444350.6407703919
1673,285491.4738331045
1674,237034.43194544042
1675,197426.1226311511
1676,199150.0778317403
1677,220750.18107460532
1678,459877.7466125662
1679,369831.28180248034
1680,341923.32690297626
1681,250686.7137691194
1682,295354.8283095445
1683,181264.37474876337
1684,171281.46667041522
1685,172524.61571155643
1686,166499.76738952557
1687,168627.25233093486
1688,189371.09861967032
1689,193056.62277888297
1690,191493.54773008588
1691,182202.32854469016
1692,255408.78827558033
1693,169475.07281510494
1694,181400.57467070734
1695,163537.78432448328
1696,270133.04384671245
1697,167266.7832301819
1698,353158.595529539
1699,309548.7168370973
1700,250370.80535785106
1701,268546.1072103502
1702,247215.211671918
1703,245246.45552258458
1704,274632.4534731455
1705,229750.87969226015
1706,432923.6145203167
1707,219238.275006082
1708,208565.34747915348
1709,268047.4568795758
1710,218919.695945581
1711,265425.0434977502
1712,265832.1430730597
1713,278315.0711980429
1714,222998.86666281946
1715,207976.30997032556
1716,185897.7919644787
1717,170330.20823783087
1718,137621.30101996282
1719,198767.69271950173
1720,233106.21598432184
1721,165397.60876364124
1722,129457.74457413028
1723,156064.8346689216
1724,213662.55791001688
1725,237682.67137395855
1726,187175.24708660395
1727,160592.69494803337
1728,177232.18675722321
1729,170782.85676420087
1730,159068.64099715115
1731,121943.17746766763
1732,127246.23967277746
1733,118784.5890080619
1734,122747.5417908056
1735,129320.8070098694
1736,111461.75953639016
1737,279949.11643990024
1738,240251.70166063754
1739,256635.50161800557
1740,226975.40485294242
1741,195301.6523744767
1742,172225.04139745052
1743,177695.08276770564
1744,300813.9169051171
1745,225797.2341007876
1746,175484.00733673043
1747,212759.11228828877
1748,220850.01242422484
1749,148811.35224962956
1750,126355.59284872905
1751,240859.45027011778
1752,118999.4848170044
1753,148222.34948193203
1754,188982.2016217121
1755,168973.35516736266
1756,128916.39308200733
1757,121801.44844941523
1758,142179.92169133222
1759,158760.12189063776
1760,165510.17132077497
1761,149772.9451523929
1762,186529.4771089338
1763,173515.2197313995
1764,114094.0844273806
1765,164213.1154061507
1766,182392.76677517855
1767,224638.45786681425
1768,145529.59230898716
1769,173543.50522225417
1770,150572.9199686075
1771,127295.314321402
1772,135906.73551272866
1773,129861.18073744401
1774,142046.35070726764
1775,141064.8720331464
1776,123953.78866969592
1777,117488.16781542257
1778,136729.17693585652
1779,117564.75121769244
1780,177920.13618273998
1781,129978.60698664375
1782,89351.24347063883
1783,143603.0536165731
1784,106258.64180017597
1785,126532.42875309763
1786,139569.91118893222
1787,162483.29567690837
1788,57064.8968407432
1789,99997.68103393135
1790,76341.8232979119
1791,181408.56800106043
1792,162579.58582721977
1793,133351.28908922168
1794,149584.87711915027
1795,136248.8219166537
1796,120551.82776529875
1797,120886.77976921934
1798,124175.87067230971
1799,110123.55773651515
1800,132976.22839857294
1801,127799.76580504813
1802,127262.0460425563
1803,145898.5151669823
1804,144360.74228014323
1805,135066.9673637245
1806,125573.8400385143
1807,132021.73847096213
1808,121986.58702019932
1809,122816.96364945175
1810,138990.18419863263
1811,102277.8325429964
1812,101052.93560953563
1813,124716.46377482566
1814,99722.34990431706
1815,51188.47670249278
1816,99441.86420447227
1817,106561.82780476355
1818,149156.68406687074
1819,125499.76439994102
1820,54799.03918382775
1821,115189.04066929476
1822,146565.38086919027
1823,47057.24604927943
1824,138425.68260248651
1825,133861.4441812889
1826,105949.46108864415
1827,101402.15792531152
1828,138776.58265592725
1829,117053.00862929298
1830,145107.18901072952
1831,139991.61653864986
1832,74870.67137569406
1833,139440.4861317152
1834,118480.93898959173
1835,119454.20667549368
1836,127888.46707137414
1837,87332.51546594327
1838,130607.32006044924
1839,97705.70384906084
1840,152143.5192188277
1841,138829.89921402463
1842,83858.0823048457
1843,129557.0990056741
1844,136057.4043271807
1845,140729.0474900246
1846,155306.24545071836
1847,162254.44982066914
1848,51309.26910052007
1849,115046.26891369109
1850,117429.6495357455
1851,154685.88584087833
1852,124164.1532141803
1853,131633.6259783678
1854,172733.276011118
1855,146687.3790160778
1856,224116.45575631948
1857,156577.47723272233
1858,140366.0748913167
1859,118979.25053354145
1860,151547.2701671843
1861,117504.65086289012
1862,294472.03041974455
1863,276095.5176190815
1864,276147.55023806257
1865,336467.10454289976
1866,332471.2946934651
1867,227574.67563544548
1868,301052.86456304765
1869,203604.70245289023
1870,224115.386743409
1871,240985.8969237166
1872,172563.87089599718
1873,238903.29852360958
1874,144042.25339408626
1875,199213.95016355108
1876,201216.77282909054
1877,210864.18057339822
1878,211353.18871227454
1879,129504.13362995775
1880,133323.08603677608
1881,244321.3195065219
1882,247117.26636325443
1883,188411.03966686648
1884,206193.7328273742
1885,232421.4150616274
1886,288986.0650139769
1887,213701.41650328095
1888,269360.97500229976
1889,167064.77106510926
1890,120705.75610829824
1891,131080.5766693076
1892,97789.28685409889
1893,129215.5342092367
1894,128840.55694721256
1895,134426.65211685756
1896,125415.62696506875
1897,112565.41067057177
1898,111390.71295201223
1899,155887.0413436901
1900,147602.1508469963
1901,175384.9897059769
1902,152291.13917435473
1903,207208.1110770554
1904,144005.27141273243
1905,198239.50363750118
1906,165423.2221992844
1907,201375.49386187538
1908,111177.15277345521
1909,131340.10994540187
1910,119111.57862513488
1911,223094.00943308268
1912,316281.1171795422
1913,143056.6146015886
1914,63987.003775579135
1915,321653.5671714114
1916,66290.3983057215
1917,245717.16631763545
1918,141011.9051685887
1919,172553.45863825566
1920,157686.42280700372
1921,400090.66456136096
1922,319264.6185408651
1923,230086.73709571135
1924,220474.16118109474
1925,193039.26827432532
1926,390308.85158197035
1927,133597.00861776195
1928,157185.06179089315
1929,127098.77103896346
1930,132429.6799692975
1931,145712.08474783486
1932,144814.63503351793
1933,183680.2641872075
1934,183469.7171002809
1935,175440.5717818826
1936,189606.90169905688
1937,184617.55686868104
1938,179893.60831369855
1939,234869.72051320574
1940,187558.2633389694
1941,174272.8982997132
1942,190777.81436225367
1943,204776.47837863324
1944,349604.02315742226
1945,408548.23410379665
1946,141493.2420624108
1947,318208.57572020934
1948,179881.36472827435
1949,250819.00081499794
1950,187021.47731869319
1951,250786.4486126903
1952,207229.4102308017
1953,170797.03575217494
1954,178613.23161039973
1955,135392.64380559648
1956,308301.11178627255
1957,156233.9581999516
1958,301177.00604818424
1959,141577.75781691907
1960,116347.91891628665
1961,122205.48427349313
1962,96640.89596457592
1963,107499.30331317378
1964,107600.02632309943
1965,143856.88844439317
1966,138672.00935145767
1967,290890.9143127887
1968,411697.6613123833
1969,386926.0137810011
1970,406832.7614540237
1971,435724.4392198252
1972,371931.75185904175
1973,265763.9056328977
1974,327726.683720269
1975,511602.18958776916
1976,260533.31881981523
1977,354548.6880744517
1978,337951.47158282885
1979,337434.3039772393
1980,203343.66168391448
1981,353180.3467203622
1982,220967.63405013227
1983,206054.32440773354
1984,169825.77379924952
1985,214643.07281918896
1986,208580.24166682694
1987,174611.3514753418
1988,176434.2746270239
1989,192022.13860189932
1990,213404.77993643985
1991,233095.26956464347
1992,217400.5036761138
1993,166374.38788133586
1994,230090.28988525624
1995,181743.18058781466
1996,244667.41010657535
1997,310069.3290622992
1998,325811.57511765807
1999,269428.1713434748
2000,315104.4863929075
2001,273687.51905422745
2002,236682.5578069517
2003,248283.85890737898
2004,275195.2312011605
2005,213483.5407702546
2006,223298.79818052528
2007,246049.65608892957
2008,219026.24085179606
2009,197252.38648272323
2010,192085.2710460711
2011,143070.28749880072
2012,174559.6766972945
2013,180901.70218232222
2014,187709.0562740165
2015,203848.35277126313
2016,194790.9344081705
2017,195130.07823105226
2018,117809.05860266401
2019,136512.1259960537
2020,107227.72185067758
2021,104110.2382874624
2022,184028.8442536765
2023,147747.47197906437
2024,265479.0602434268
2025,349683.4300220678
2026,171512.82871860705
2027,156979.152729042
2028,149125.7587272136
2029,167842.74491267302
2030,268410.97621139936
2031,233719.14919331396
2032,246537.03485392337
2033,248954.8798160263
2034,168972.24014572627
2035,217988.12831657095
2036,193012.08146726934
2037,198608.70979310953
2038,307888.5134937667
2039,223571.24473611527
2040,292884.7347900264
2041,284437.261507747
2042,205364.6743963824
2043,176316.47065094142
2044,173436.2371836023
2045,209372.82723341233
2046,141811.54557396457
2047,147096.57444344021
2048,138982.72535513807
2049,141571.60020583842
2050,173410.8633685921
2051,104310.76801720708
2052,126389.84081126942
2053,149100.97619998502
2054,86326.63173411229
2055,160599.9878508032
2056,139929.12759483955
2057,114405.79866587439
2058,224082.2304205392
2059,130251.28110906304
2060,174228.29293206026
2061,170888.51845975843
2062,129581.54915705523
2063,118448.49857503633
2064,142522.12690486942
2065,120499.71968092507
2066,156046.00128808754
2067,109042.41977415957
2068,142893.91682198155
2069,87248.88713207803
2070,116496.9163149458
2071,92544.46647746443
2072,132423.13833851757
2073,132381.71513936084
2074,180895.20843890024
2075,142873.7994025245
2076,119554.17084363195
2077,156581.5827735605
2078,126089.03912275708
2079,134838.5738918602
2080,116651.38766563471
2081,125604.97938655676
2082,128665.43738530744
2083,145698.5465660458
2084,108225.5480640796
2085,119667.5487401181
2086,114304.6694778412
2087,120523.62910721127
2088,93938.31445003141
2089,78922.48489730191
2090,124377.52523836677
2091,114000.47965378086
2092,124444.34990141571
2093,121361.53601392651
2094,112566.38927633535
2095,147553.0175657341
2096,79447.38109761567
2097,98521.65108697076
2098,145083.77666533412
2099,53275.27795415783
2100,71981.89469842319
2101,116793.80722945882
2102,124099.02055374294
2103,101983.56530779984
2104,131244.32358261454
2105,124077.77433489534
2106,59870.54531103465
2107,193465.31218417274
2108,118541.62409833031
2109,111394.30555387877
2110,133160.6254505256
2111,133870.19550711015
2112,141869.3897016634
2113,123063.23462900906
2114,115928.41426831271
2115,166094.36904416792
2116,116378.95759451533
2117,150952.52892355225
2118,124848.33954039964
2119,109427.46643169572
2120,114181.9550171202
2121,86400.0922009242
2122,116072.46689038597
2123,84771.09073131783
2124,152885.2951024847
2125,122936.14527270774
2126,146125.20401198682
2127,156574.85307482994
2128,126143.03917077465
2129,92336.22245644893
2130,138748.59813987452
2131,133418.57002830412
2132,115298.14900185617
2133,121332.24876061581
2134,120655.51130352246
2135,94774.29347887659
2136,78275.836195155
2137,107524.42966451723
2138,133372.9489013739
2139,154058.69403656415
2140,141498.5297770394
2141,149048.44893488538
2142,128972.25565448376
2143,152287.86131615378
2144,125667.8576427122
2145,135801.3967969782
2146,158738.83595755228
2147,141917.323843199
2148,132931.28928618677
2149,154946.4578639508
2150,222412.4464993793
2151,115408.8871456513
2152,187261.0550378766
2153,163612.25819081345
2154,108964.76805920052
2155,138278.59508861008
2156,269086.6365861742
2157,227378.8002240971
2158,238412.62905234567
2159,206844.7253073181
2160,173721.41686563438
2161,237140.36054899718
2162,375894.87117485056
2163,365694.4016074343
2164,233506.68893385158
2165,195516.55820085222
2166,152564.8835142066
2167,211699.6144538641
2168,201457.21937531323
2169,195628.9026289783
2170,219382.5998678234
2171,161035.91674676663
2172,131152.40310370523
2173,167692.2451490668
2174,228600.0965342456
2175,285237.91361998324
2176,314874.09223634313
2177,240855.4483839101
2178,207501.04802391064
2179,137920.805213048
2180,216478.9165266806
2181,193093.05090763146
2182,224471.2162898293
2183,191866.70923418296
2184,119891.06232639578
2185,125316.00155045555
2186,146632.78741008948
2187,153964.38172411796
2188,153570.25866346527
2189,286016.8974589614
2190,79964.52693137451
2191,79368.92349336357
2192,91513.46599046463
2193,112526.04291093603
2194,102513.03134265859
2195,107680.5802845439
2196,99460.871859447
2197,119546.3792294537
2198,149665.67153049321
2199,183859.34108132555
2200,152125.78982242
2201,143848.34699781006
2202,215358.83120212916
2203,139091.8454209201
2204,179814.9377729751
2205,116301.97111886942
2206,143985.68043040184
2207,215030.508455854
2208,261097.28881653553
2209,251277.79087913083
2210,120284.6087960835
2211,113629.83767770178
2212,121398.13113964653
2213,109823.21653358176
2214,141233.02265962987
2215,98052.04147490388
2216,148729.23944307698
2217,63962.7407826737
2218,75986.98671105206
2219,71059.98428319555
2220,76913.56609987273
2221,322807.51964981185
2222,274900.68751930614
2223,289398.7643389754
2224,204937.3720019776
2225,121801.7026785131
2226,191452.24077812667
2227,195499.60329422564
2228,257972.645102494
2229,252355.20396739617
2230,153712.29417666938
2231,213786.22944199116
2232,187840.01433833115
2233,182072.48549497937
2234,236536.80344501432
2235,221314.08632413892
2236,257281.13330104048
2237,332415.54039112263
2238,191210.57779398275
2239,117886.93568517061
2240,154606.8656585267
2241,160715.40137903666
2242,125887.75686616432
2243,128064.8928263833
2244,102822.56057564974
2245,99041.48971447184
2246,142177.54171234992
2247,109942.5764185363
2248,121744.2586180194
2249,119573.43394128399
2250,128212.48497914342
2251,95111.83221711061
2252,178150.39184304778
2253,154503.80337849044
2254,180647.75098594406
2255,190348.85343136842
2256,180457.02629242715
2257,209069.31035607672
2258,160994.73292088258
2259,178456.3198007796
2260,158422.20586981674
2261,179363.0352018774
2262,202327.83307290633
2263,373657.92711606086
2264,503545.3862906681
2265,173760.10144298951
2266,288526.98730765784
2267,368824.7725690275
2268,420624.0039586908
2269,152309.1953624041
2270,190576.80413566905
2271,218009.7614331436
2272,196139.93534708722
2273,166383.8400432172
2274,181378.7900572509
2275,162513.96493368587
2276,191766.3798305212
2277,185031.4960304939
2278,150484.5170676336
2279,124213.42544813253
2280,117319.61271987553
2281,173278.19736264105
2282,193146.31778532153
2283,105011.99926371798
2284,110232.54365808445
2285,137068.1734721959
2286,124193.86502593977
2287,364471.6077959046
2288,274628.3663154678
2289,378364.23825115873
2290,450001.11396003905
2291,321302.0448092576
2292,438279.13753385644
2293,485712.1161769384
2294,393139.4341612763
2295,483369.4777476884
2296,294140.92107369466
2297,330135.1680872502
2298,334743.01045785664
2299,367019.55781997804
2300,331052.27681078744
2301,297094.3964515076
2302,246878.37732348123
2303,240321.4794142236
2304,242940.33074547962
2305,195535.77480050942
2306,192876.37652866603
2307,201331.5236578842
2308,220791.11335384843
2309,281242.88199093106
2310,210792.22983215677
2311,198468.53245792858
2312,175940.27072073088
2313,175418.23252696506
2314,174423.43952307515
2315,178162.0913697821
2316,194122.97760219438
2317,186608.14833568124
2318,180890.89929018717
2319,182602.1213855106
2320,184123.59829595865
2321,225631.81758858182
2322,175004.85900268555
2323,182958.65861654462
2324,177774.12380917804
2325,215640.03929509467
2326,172160.47501122367
2327,209176.50453375146
2328,227043.12175377551
2329,190427.88729765717
2330,182420.20486661582
2331,355855.63001414895
2332,388385.3700643505
2333,314479.9286796383
2334,258931.88990144554
2335,275669.11304406764
2336,313426.9645690448
2337,203723.16581398333
2338,261401.57198454777
2339,225224.8091827645
2340,403308.22442758735
2341,214461.50023140255
2342,229175.55950518604
2343,225539.3719687272
2344,222425.44515348625
2345,233118.35838506787
2346,209674.53548130955
2347,200685.35183208043
2348,236729.32806813985
2349,179522.0535785462
2350,300730.26962924417
2351,269273.66602743947
2352,254311.235063584
2353,249524.6217897585
2354,139364.66060575965
2355,147310.81380170755
2356,157852.8422921536
2357,194576.2339226102
2358,200916.73908009325
2359,130274.75536600882
2360,116689.0822557772
2361,144814.20136149542
2362,277824.9866337632
2363,142581.41637909217
2364,158865.52083789534
2365,215325.47159258823
2366,182557.2165256566
2367,216627.6433311239
2368,215075.59518038025
2369,214892.87346176963
2370,169090.46087609325
2371,167351.4713567641
2372,198205.15262048948
2373,285439.2613480759
2374,321084.705612386
2375,246505.18082897353
2376,277649.7460173132
2377,336170.3734562085
2378,142693.9575911535
2379,198735.65429059908
2380,149634.45807135687
2381,168733.39626499687
2382,202032.75680207444
2383,205807.70478576553
2384,246746.4005836095
2385,158643.9801084707
2386,133164.57185401896
2387,136485.70984835515
2388,102388.46539818565
2389,119309.86493203587
2390,147717.1964705205
2391,142784.65373957207
2392,113891.52542662094
2393,163870.56056857487
2394,140842.11526607315
2395,218582.54827458118
2396,144214.99953365364
2397,217125.20310583268
2398,129473.55744982052
2399,62082.82580181601
2400,60156.22063068144
2401,119571.4543159831
2402,139433.61464485282
2403,140858.16127127042
2404,146834.25856150483
2405,163862.0281763068
2406,142933.0752008231
2407,126652.22561775845
2408,147461.8592619
2409,121939.61088488887
2410,163428.2183867563
2411,115578.16448308888
2412,158057.25390247253
2413,131438.8308789794
2414,154262.67095055163
2415,130126.36790754019
2416,126423.81786176404
2417,131751.17324858467
2418,130542.74123664516
2419,132330.33066266566
2420,123901.04681256803
2421,149093.32481418416
2422,105339.15762193494
2423,121149.13313323843
2424,157806.78653441955
2425,198782.6352570315
2426,130590.00606833863
2427,137148.87890698062
2428,175616.30805965702
2429,110889.445852389
2430,133766.2135679822
2431,107776.03573908165
2432,144715.4520340194
2433,148961.7384889259
2434,140819.32457122896
2435,153965.9392972475
2436,104867.40748628246
2437,108329.89472227448
2438,122615.46866282515
2439,104189.6202948627
2440,120805.19054654431
2441,93914.10741273769
2442,95459.37603323406
2443,124720.33340408227
2444,125753.78160159003
2445,91667.60623184577
2446,136738.04530853705
2447,178169.38507551962
2448,126139.22096202688
2449,112310.62291854317
2450,146380.8895282797
2451,122866.87130684548
2452,195069.5564671068
2453,92739.09056858109
2454,126878.63743220987
2455,121098.086600154
2456,144174.72030552808
2457,133768.10131052407
2458,127993.39743620838
2459,111786.1527953273
2460,138346.4008777019
2461,122896.53964351852
2462,137078.50535737153
2463,125852.17228132667
2464,172583.21229623977
2465,143481.75176291735
2466,121317.20781881826
2467,131086.36462808118
2468,78620.18783016752
2469,79080.38447655893
2470,190866.5578382949
2471,211219.8694703658
2472,161039.4296211831
2473,116921.7885344219
2474,76362.22114461257
2475,219762.96337465764
2476,116823.20190156519
2477,128467.17375990657
2478,160077.19007591534
2479,104497.20057040291
2480,151299.59282124313
2481,124367.68912276853
2482,129125.09100023395
2483,109768.87124537246
2484,124981.15528034027
2485,125492.35530188915
2486,157648.5957512661
2487,175924.93012942828
2488,159780.7258567546
2489,152141.6863549608
2490,150938.97825089344
2491,94718.62828939251
2492,194411.64655391898
2493,148968.2711192879
2494,151103.45823610338
2495,91078.67492108623
2496,234051.1204874149
2497,154506.54026312396
2498,109079.63789636905
2499,91932.67949973971
2500,125540.99822545736
2501,142801.30895227808
2502,147032.2132846288
2503,98762.30565068641
2504,184855.16654420877
2505,228882.01020866286
2506,252340.79029818493
2507,295725.6503678238
2508,251111.19892366888
2509,217657.06673029234
2510,214493.24649140803
2511,175531.17637130088
2512,206608.94872101382
2513,227135.41371093964
2514,239142.20822427992
2515,152553.6380460294
2516,178173.37595440968
2517,145958.78951137734
2518,154353.14483151012
2519,228174.45526264806
2520,213214.06838281383
2521,189454.2965232383
2522,223897.204871943
2523,122138.44754655422
2524,140851.74530331983
2525,148386.60281161123
2526,137780.60581822513
2527,114361.4310189295
2528,129085.2531327616
2529,128994.73766774511
2530,122097.34045809231
2531,249538.8999354496
2532,225535.94908729906
2533,196173.78165941607
2534,224212.33363961245
2535,304708.48622957943
2536,234887.17985521877
2537,232546.59107759944
2538,182982.84314841573
2539,188054.80373689817
2540,180380.46255890906
2541,178652.08187213284
2542,167673.13871967056
2543,121901.63386910119
2544,125875.80880434299
2545,137450.07572777255
2546,130295.32427023325
2547,137256.13531824402
2548,158418.4877106124
2549,160303.5399530537
2550,698589.0634235255
2551,139074.85195692984
2552,132523.98567304423
2553,74188.38074100889
2554,103674.21289666386
2555,119821.03127810225
2556,102014.90176918096
2557,107538.61104957179
2558,155904.8000863953
2559,141600.94620574496
2560,151877.54528663264
2561,144680.8023733442
2562,138881.12295106123
2563,149427.62187985037
2564,204137.41606375077
2565,138094.44813935604
2566,156478.60190096105
2567,136380.7498271012
2568,203661.97160956656
2569,220248.4072870392
2570,117371.20199721123
2571,193658.5194623815
2572,140308.81458579088
2573,227625.41921028617
2574,282929.3638590042
2575,132356.68384688182
2576,120409.91818666192
2577,148547.5620715752
2578,83347.30703974908
2579,63836.61650376702
2580,104941.81299902934
2581,108580.05038171235
2582,113759.20151659823
2583,275422.77566833945
2584,178633.28137317853
2585,187087.61927928572
2586,222245.66291149383
2587,194764.27262641792
2588,143001.55999181332
2589,150350.83859321012
2590,203233.58760595132
2591,217297.83414213095
2592,215687.52781658754
2593,249027.14106636037
2594,180304.92590734985
2595,201823.82440196443
2596,296307.2431599129
2597,193548.2398525144
2598,280715.50058089534
2599,326938.9468049995
2600,151434.41457652
2601,150357.69693229068
2602,81231.53097579408
2603,94967.06177213699
2604,87504.80551511284
2605,75328.10405445012
2606,149861.00344312718
2607,194799.88775794033
2608,210946.40772662114
2609,168552.66049765033
2610,114264.4929768159
2611,128455.14978349932
2612,157827.17351060893
2613,128092.4595606652
2614,123632.3047705932
2615,154358.1877739496
2616,147087.79264792323
2617,180602.262123341
2618,202139.41033672835
2619,200071.37890104615
2620,187549.70983919976
2621,175964.0255603806
2622,185093.06806154604
2623,244162.33037599604
2624,311788.6998130463
2625,307106.9436665637
2626,174663.66152093973
2627,157787.06526215025
2628,476085.5375936064
2629,501809.7276883307
2630,358946.28722577175
2631,503254.52310784074
2632,432611.1753486225
2633,309627.68239512073
2634,425773.0198412313
2635,159917.37902909648
2636,175502.74961863869
2637,181047.84688081138
2638,260330.15014814943
2639,186710.3851458617
2640,152085.29926252618
2641,103099.78108579197
2642,194021.72370072707
2643,100091.98401717715
2644,121046.1130260581
2645,106548.72440588116
2646,94511.11669366361
2647,103689.71159053111
2648,142774.32418538228
2649,147539.01368596812
2650,132580.05440430672
2651,140721.85106466062
2652,406062.6951303839
2653,251327.967701578
2654,253948.60468948697
2655,394027.0482886501
2656,311481.81414900266
2657,356202.8562265677
2658,301831.39470598305
2659,293779.0291694911
2660,357788.9785661091
2661,351232.25475897046
2662,365621.6674359506
2663,277763.75602052273
2664,280190.4337516085
2665,319194.4570514802
2666,286161.52869233186
2667,169350.22223732484
2668,176957.21726360594
2669,186873.51224821332
2670,271974.0773762928
2671,184679.1311597908
2672,192573.35942893408
2673,204939.59982124003
2674,199216.87646562964
2675,164775.9017876357
2676,190060.920802818
2677,199053.50148187074
2678,246008.43150843887
2679,273228.57629916817
2680,283863.8070187121
2681,390295.46350987145
2682,324174.5723526114
2683,482873.27844811836
2684,310742.4746881591
2685,325106.6011384818
2686,258338.8863938627
2687,312516.70827639115
2688,211093.54549163618
2689,201962.67322149995
2690,440130.8016683459
2691,192830.77274051122
2692,137380.85978480132
2693,204414.02707765103
2694,140330.18890345143
2695,193830.02833931718
2696,183934.58799826234
2697,190834.88071802043
2698,201018.34386666256
2699,179348.99565216203
2700,158668.845527896
2701,154621.50168079586
2702,112511.13417950511
2703,126552.35113363746
2704,139778.13772138444
2705,117794.03844835663
2706,113704.99019431033
2707,123806.94287081544
2708,133095.8743541541
2709,107210.02521712154
2710,125146.33289014296
2711,274942.9213842048
2712,373629.1193186728
2713,169931.89263472107
2714,151139.76973089683
2715,170381.1109273025
2716,140529.39785779355
2717,188299.52047888475
2718,216751.35429241025
2719,157668.35189713986
2720,170587.5009617345
2721,134048.199683282
2722,160257.7536129397
2723,140452.11508245906
2724,126310.81336689203
2725,130799.6010280874
2726,148574.31598460485
2727,182057.59326881275
2728,176281.46615939535
2729,148184.04205703578
2730,148755.23253285122
2731,132423.73944633035
2732,131781.7653160439
2733,157558.31872537837
2734,145983.9676992248
2735,136820.17481974355
2736,138089.69121338532
2737,123995.92451517105
2738,134790.39048116462
2739,160546.24751819327
2740,138729.0540966637
2741,149677.80381731412
2742,152363.68208806368
2743,155379.75692188574
2744,159340.51953247673
2745,137470.35453646258
2746,134982.74677070996
2747,143147.39922376545
2748,127635.59985950273
2749,129875.05776846627
2750,132792.23959132965
2751,137254.32034228923
2752,195679.37689933536
2753,144401.0674734734
2754,213431.23528467552
2755,132571.81135550112
2756,93096.93000177386
2757,68688.79030810301
2758,88849.4491490029
2759,160728.96952678484
2760,121677.50372396423
2761,144455.44144221576
2762,141894.582905086
2763,179152.60978226495
2764,149280.6273912856
2765,270536.9636994102
2766,138748.66624215298
2767,87289.47084002786
2768,132816.697226363
2769,134660.79252167282
2770,138758.41406679348
2771,110468.52443046971
2772,110017.78140545542
2773,171012.4210325384
2774,146503.79245729125
2775,120145.85051324559
2776,136901.25504651913
2777,141762.8219457173
2778,101921.08630076701
2779,125286.44148972194
2780,96718.57585516387
2781,96580.03752977347
2782,93499.70503595144
2783,97659.14222475333
2784,121001.77893913457
2785,137727.56882577232
2786,67462.60441657399
2787,126793.65503172351
2788,76495.017712729
2789,166844.58784699684
2790,96692.48203207858
2791,110771.33844861136
2792,62055.12268983559
2793,173611.66412955607
2794,97371.72562123304
2795,123815.56725961377
2796,99208.89103472012
2797,207081.01352491888
2798,104765.5328369378
2799,120557.24647989537
2800,66353.44133557403
2801,111216.23530819229
2802,134268.62654301286
2803,170236.764673362
2804,131386.24363544481
2805,100518.21359875338
2806,80034.47306866782
2807,155737.89503953015
2808,150399.00179121137
2809,134020.80259898576
2810,129354.79621638558
2811,162727.50289105062
2812,159998.74821129846
2813,158688.9036106663
2814,157219.90420029618
2815,107634.17494540676
2816,241541.03475558868
2817,156795.9559153705
2818,133072.7286220006
2819,162935.1182493072
2820,138729.3044374768
2821,113144.57719782162
2822,199947.59903572666
2823,306655.6705798773
2824,182261.6840745059
2825,152278.36343870082
2826,134472.3802844004
2827,135763.33315309274
2828,222885.38128517265
2829,218676.45300144562
2830,232081.1621017818
2831,177835.1727231254
2832,254831.78407047968
2833,293264.46323709044
2834,215891.19340238694
2835,218962.2204352745
2836,194523.21214083265
2837,157958.74602401888
2838,149441.29620903247
2839,174368.7930709957
2840,201072.8737593293
2841,204874.96105605978
2842,229989.25675779473
2843,152258.94871449584
2844,168275.85476066874
2845,123010.57681569745
2846,214959.35813233827
2847,207251.05292845162
2848,218139.41005441674
2849,201448.79185095473
2850,276955.02665890614
2851,216529.04435693895
2852,230686.71916619007
2853,238857.29441088648
2854,139549.96692025504
2855,205120.07270425378
2856,198294.63553865225
2857,187904.85834106526
2858,201603.68326479846
2859,113115.70624046809
2860,125932.40002081549
2861,126619.30471494468
2862,195926.57983673704
2863,130303.50643467998
2864,248011.38718581753
2865,139675.5657915503
2866,139147.3581736595
2867,99127.14307006999
2868,97019.37224064948
2869,106777.87552209992
2870,123983.51648461338
2871,79895.62024185264
2872,49735.80681474666
2873,96695.26131458757
2874,143071.98241154966
2875,115238.40777179117
2876,161296.0527491916
2877,145359.00717695145
2878,158491.7243402897
2879,137512.82277989454
2880,104090.78636766918
2881,150544.00394388696
2882,173342.00204220388
2883,197410.57478914974
2884,194756.87893138122
2885,187826.86320324437
2886,243184.7014194439
2887,97985.69627935716
2888,141083.46303291243
2889,56279.11583775541
2890,81609.20774305066
2891,135166.62537254218
2892,49130.64652843516
2893,86292.78995204097
2894,60658.57032506753
2895,331455.70080647216
2896,276932.3692144749
2897,201314.0017516144
2898,147251.44949091013
2899,209375.75182876494
2900,159233.7036629841
2901,213452.29482789358
2902,190623.9988868662
2903,333299.79497912043
2904,351289.30942572653
2905,89071.6946196487
2906,195015.4185920573
2907,113079.27250057897
2908,132272.86823526036
2909,149737.68214847016
2910,79380.34110235855
2911,79381.81740500838
2912,147813.05915233406
2913,80823.30030246533
2914,76890.82477324152
2915,83221.84317735047
2916,81459.62928978837
2917,167398.87184254915
2918,117814.28540527882
2919,219017.47277764598
